FUEL;FUELCOMBI;TECH/PROCESS;TechnOrder;EMISSIONS;Marginal Costs;RAMP RATE;Efficiency;Min load
GGAS;1;GT;31;0;2,77;1;;
NGAS;1;ATR;32;5,68;4,94;1;0,82;0,4
H2;1;Methanation;33;0;0,5;1;0,8;
BIOMASS;1;Fermentation;34;0;0;1;0,54;
NGAS;1;GT;35;56,8;2,77;1;;
GGAS;1;CCGT;36;0;0,77;0,5;;
NGAS;1;CHP;37;56,8;1,62;0,9;;
Derived gas;1;others;40;56,8;1,5;0,9;;
H2;1;CCGT;38;0;0,77;0,5;;
BIOMASS;1;Cofiring;1;0;3,5;0,4;;
BIOMASS;1;Standalone;2;0;2,3;1;;
COAL;1;PC;3;94,7;2,5;0,4;;
COAL;1;IGCC;4;94,7;4,5;0,3;;
COAL;1;CCS;5;18,18;2,5;0,3;;
Derived GAS;1;IC;6;56,8;1,5;0,9;;
NGAS;1;CCGT;7;56,8;0,77;0,5;;
GGAS;1;CHP;8;0;1,62;0,9;;
H2;1;GT;9;0;2,77;1;;
GEO;1;-;10;0;1,7;1;;
HYDRO;1;CONV;11;0;1;1;;
HYDRO;1;PS;12;0;1,2;1;;
LIGNITE;1;PC;13;101,2;2,5;0,4;;
NUCLEAR;1;-;14;0;10,313395;0,2;;
OIL;1;-;15;74,3;2,5;0,3;;
RESE;1;Others;16;0;1,7;1;;
SUN;1;PV;17;0;0;1;;
WASTE;1;Standalone;18;73,6;2,5;1;;
WIND;1;ONSHORE;19;0;0;1;;
WIND;1;OFFSHORE;20;0;0;1;;
COKE OVEN GAS;1;IC;21;56,8;1,5;0,9;;
SUN;1;CSP;22;0;0;1;;
Derived GAS;1;CHP;23;56,8;1,5;0,9;;
COAL;1;CHP;24;94,7;2,5;0,4;;
LIGNITE;1;CHP;25;101,2;2,5;0,4;;
BIOMASS;1;GASIFICATION;26;0;2,37;1;0,63;
electricity;1;electrolysis;27;0;0;1;0,65;0
NGAS;1;boiler;28;56,8;0,22;1;0,9434;
H2;1;boiler;29;0;3,89;1;1;
electricity;1;boiler;30;0;0,51;1;0,9901;
H2;1;CHP;39;0;1,62;0,9;;
NGAS;1;SMR;41;56,8;5,4;1;0,806;0,4
NGAS;1;SMR_CCS;42;31,24;9,73;1;0,773;0,4
non RES;1;Others;43;76,94;1,5;1;;0
