carrier,sector,demand_group,included,spatial_scope
electricity,households,households,true,configured
electricity,buildings,buildings,true,configured
electricity,industry,industry,true,configured
electricity,transport,transport,true,configured
electricity,agriculture,agriculture,true,configured
electricity,other,other,true,configured
electricity,bunkers,bunkers,true,facility_mapping_required
electricity,energy,energy_sector,false,national
electricity,central_heat,central_heat,true,national
electricity,losses,losses,true,national
electricity,power_sector_own_use,power_sector_own_use,true,national
electricity,transformation,transformation,true,national
electricity,dsr,dsr,false,national
electricity,household_storage_exchange,households,true,configured
electricity,transport_storage_exchange,transport,true,configured
hydrogen,households,households,true,national
hydrogen,buildings,buildings,true,national
hydrogen,industry,industry,true,national
hydrogen,transport,transport,true,national
hydrogen,agriculture,agriculture,true,national
hydrogen,other,other,true,national
hydrogen,bunkers,bunkers,true,national
hydrogen,energy,energy_sector,false,national
hydrogen,central_heat,central_heat,true,national
methane,households,households,true,national
methane,buildings,buildings,true,national
methane,industry,industry,true,national
methane,transport,transport,true,national
methane,transport_lng,transport_lng,true,national
methane,agriculture,agriculture,true,national
methane,other,other,true,national
methane,bunkers,bunkers,true,national
methane,energy,energy_sector,false,national
methane,central_heat,central_heat,true,national
methane,losses,losses,true,national
methane,transformation,transformation,true,national