query_key,asset_group,fuel,technology,chp,ccs,operating_mode,included,reason,minimum_capacity_mw
merit_order_agriculture_chp_gas_dispatchable_capacity_in_merit_order_table,natural_gas_chp,natural_gas,chp,true,false,dispatchable,true,Group network gas and gas fuel mix as natural gas
merit_order_agriculture_chp_wood_pellets_capacity_in_merit_order_table,biomass_chp,biomass,chp,true,false,unspecified,true,Group biogas and wood pellets as biomass
merit_order_battery_solar_pv_capacity_in_merit_order_table,solar_pv,solar,pv,false,false,volatile,true,Group all solar PV
merit_order_battery_wind_inland_capacity_in_merit_order_table,wind_onshore,wind,wind_turbine,false,false,volatile,true,Group onshore and battery-coupled onshore wind
merit_order_biogas_chp_mt_capacity_in_merit_order_table,biomass_chp_must_run,biomass,chp,true,false,must_run,true,Keep must-run separate
merit_order_buildings_solar_pv_solar_radiation_capacity_in_merit_order_table,solar_pv,solar,pv,false,false,volatile,true,Group all solar PV
merit_order_coal_pwd_ccs_capacity_in_merit_order_table,coal_steam_ccs,coal,steam_turbine,false,true,dispatchable,true,Preserve fuel technology and CCS
merit_order_diesel_engine_capacity_in_merit_order_table,diesel_engine,diesel,reciprocating_engine,false,false,dispatchable,true,Discard capacities below 50 MW,50
merit_order_energy_interconnector_10_imported_electricity_capacity_in_merit_order_table,interconnector,electricity,interconnector,false,false,external,false,Model as network connection not production
merit_order_energy_interconnector_1_imported_electricity_capacity_in_merit_order_table,interconnector,electricity,interconnector,false,false,external,false,Model as network connection not production
merit_order_energy_interconnector_3_imported_electricity_capacity_in_merit_order_table,interconnector,electricity,interconnector,false,false,external,false,Model as network connection not production
merit_order_energy_interconnector_5_imported_electricity_capacity_in_merit_order_table,interconnector,electricity,interconnector,false,false,external,false,Model as network connection not production
merit_order_energy_interconnector_7_imported_electricity_capacity_in_merit_order_table,interconnector,electricity,interconnector,false,false,external,false,Model as network connection not production
merit_order_energy_interconnector_9_imported_electricity_capacity_in_merit_order_table,interconnector,electricity,interconnector,false,false,external,false,Model as network connection not production
merit_order_energy_power_solar_pv_solar_radiation_capacity_in_merit_order_table,solar_pv,solar,pv,false,false,volatile,true,Group all solar PV
merit_order_gas_chp_engine_mt_capacity_in_merit_order_table,natural_gas_chp,natural_gas,chp_engine,true,false,unspecified,true,Group network gas and gas fuel mix as natural gas
merit_order_households_solar_pv_solar_radiation_capacity_in_merit_order_table,solar_pv,solar,pv,false,false,volatile,true,Group all solar PV
merit_order_hydro_river_capacity_in_merit_order_table,hydro_run_of_river,hydro,run_of_river,false,false,volatile,true,Preserve native technology
merit_order_hydrogen_ccgt_capacity_in_merit_order_table,hydrogen_ccgt,hydrogen,ccgt,false,false,dispatchable,true,Keep CCGT separate
merit_order_hydrogen_turbine_capacity_in_merit_order_table,hydrogen_ocgt,hydrogen,ocgt,false,false,dispatchable,true,Keep OCGT separate
merit_order_industry_chp_gas_turbine_capacity_in_merit_order_table,natural_gas_chp,natural_gas,chp_turbine,true,false,unspecified,true,Group network gas and gas fuel mix as natural gas
merit_order_must_run_capacity_in_merit_order_table,must_run_aggregate,mixed,aggregate,false,false,must_run,false,Duplicate aggregate of individually listed assets
merit_order_nuclear_ii_capacity_in_merit_order_table,nuclear,nuclear,steam_turbine,false,false,must_run,true,Group nuclear generations II and III
merit_order_nuclear_iii_capacity_in_merit_order_table,nuclear,nuclear,steam_turbine,false,false,must_run,true,Group nuclear generations II and III
merit_order_offshore_hybrid_wind_turbines_capacity_in_merit_order_table,wind_offshore,wind,wind_turbine,false,false,volatile,true,Group offshore and hybrid offshore wind
merit_order_offshore_wind_turbines_capacity_in_merit_order_table,wind_offshore,wind,wind_turbine,false,false,volatile,true,Group offshore and hybrid offshore wind
merit_order_onshore_wind_turbines_capacity_in_merit_order_table,wind_onshore,wind,wind_turbine,false,false,volatile,true,Group onshore and battery-coupled onshore wind
merit_order_waste_chp_ccs_ht_capacity_in_merit_order_table,waste_chp_ccs,waste,chp,true,true,must_run,true,Keep waste CHP with CCS separate
merit_order_waste_chp_ht_capacity_in_merit_order_table,waste_chp,waste,chp,true,false,must_run,true,Keep waste CHP separate
merit_order_wood_pellets_chp_mt_dispatchable_capacity_in_merit_order_table,biomass_chp_dispatchable,biomass,chp,true,false,dispatchable,true,Keep dispatchable separate
merit_order_wood_pellets_chp_mt_must_run_capacity_in_merit_order_table,biomass_chp_must_run,biomass,chp,true,false,must_run,true,Keep must-run separate
merit_order_wood_pellets_power_dispatchable_capacity_in_merit_order_table,biomass_steam_dispatchable,biomass,steam_turbine,false,false,dispatchable,true,Keep non-CHP efficiency separate
merit_order_wood_pellets_power_must_run_capacity_in_merit_order_table,biomass_steam_must_run,biomass,steam_turbine,false,false,must_run,true,Keep must-run separate
merit_order_coal_pwd_capacity_in_merit_order_table,coal_steam,coal,steam_turbine,false,false,dispatchable,true,Preserve unabated coal separately
merit_order_energy_interconnector_2_imported_electricity_capacity_in_merit_order_table,interconnector,electricity,interconnector,false,false,external,false,Model as network connection not production
merit_order_energy_interconnector_4_imported_electricity_capacity_in_merit_order_table,interconnector,electricity,interconnector,false,false,external,false,Model as network connection not production
merit_order_energy_interconnector_6_imported_electricity_capacity_in_merit_order_table,interconnector,electricity,interconnector,false,false,external,false,Model as network connection not production
merit_order_energy_interconnector_8_imported_electricity_capacity_in_merit_order_table,interconnector,electricity,interconnector,false,false,external,false,Model as network connection not production
merit_order_gas_ccgt_capacity_in_merit_order_table,natural_gas_ccgt,natural_gas,ccgt,false,false,dispatchable,true,Keep CCGT separate
merit_order_gas_chp_ccgt_mt_capacity_in_merit_order_table,natural_gas_chp,natural_gas,chp_ccgt,true,false,unspecified,true,Group natural gas CHP while retaining source technology
merit_order_gas_conv_capacity_in_merit_order_table,natural_gas_steam,natural_gas,ultra_supercritical_steam,false,false,dispatchable,true,Preserve conventional steam technology
merit_order_gas_turbine_capacity_in_merit_order_table,natural_gas_ocgt,natural_gas,ocgt,false,false,dispatchable,true,Keep OCGT separate
merit_order_industry_chp_hydrogen_turbine_capacity_in_merit_order_table,hydrogen_chp,hydrogen,chp_turbine,true,false,unspecified,true,Keep hydrogen CHP separate
merit_order_nuclear_smr_capacity_in_merit_order_table,nuclear_smr,nuclear,small_modular_reactor,false,false,must_run,true,Keep SMR separate from generations II and III
merit_order_waste_power_capacity_in_merit_order_table,waste_steam,waste,steam_turbine,false,false,must_run,true,Keep non-CHP waste efficiency separate