query_key,carrier,sector,role,expected_unit,review_status
final_demand_of_electricity,electricity,total,control_total,PJ,candidate
final_demand_of_electricity_in_households,electricity,households,sector_component,PJ,candidate
final_demand_of_electricity_in_buildings,electricity,buildings,sector_component,PJ,candidate
final_demand_of_electricity_in_industry,electricity,industry,sector_component,PJ,candidate
final_demand_of_electricity_in_transport,electricity,transport,sector_component,PJ,candidate
final_demand_of_electricity_in_agriculture,electricity,agriculture,sector_component,PJ,candidate
final_demand_of_electricity_in_energy,electricity,energy,sector_component,PJ,candidate
final_demand_of_electricity_in_other,electricity,other,sector_component,PJ,candidate
final_demand_of_electricity_in_bunkers,electricity,bunkers,sector_component,PJ,candidate
final_demand_of_hydrogen,hydrogen,total,control_total,PJ,candidate
final_demand_of_hydrogen_in_households,hydrogen,households,sector_component,PJ,candidate
final_demand_of_hydrogen_in_buildings,hydrogen,buildings,sector_component,PJ,candidate
final_demand_of_hydrogen_in_industry,hydrogen,industry,sector_component,PJ,candidate
final_demand_of_hydrogen_in_transport,hydrogen,transport,sector_component,PJ,candidate
final_demand_of_hydrogen_in_agriculture,hydrogen,agriculture,sector_component,PJ,candidate
final_demand_of_hydrogen_in_energy,hydrogen,energy,sector_component,PJ,candidate
final_demand_of_hydrogen_in_other,hydrogen,other,sector_component,PJ,candidate
final_demand_of_hydrogen_in_bunkers,hydrogen,bunkers,sector_component,PJ,candidate
final_demand_of_natural_gas_and_derivatives,methane,total,control_total,PJ,candidate
final_demand_of_natural_gas_and_derivatives_in_households,methane,households,sector_component,PJ,candidate
final_demand_of_natural_gas_and_derivatives_in_buildings,methane,buildings,sector_component,PJ,candidate
final_demand_of_natural_gas_and_derivatives_in_industry,methane,industry,sector_component,PJ,candidate
final_demand_of_natural_gas_and_derivatives_in_transport,methane,transport,sector_component,PJ,candidate
final_demand_of_natural_gas_and_derivatives_in_agriculture,methane,agriculture,sector_component,PJ,candidate
final_demand_of_natural_gas_and_derivatives_in_energy,methane,energy,sector_component,PJ,candidate
final_demand_of_natural_gas_and_derivatives_in_other,methane,other,sector_component,PJ,candidate
final_demand_of_natural_gas_and_derivatives_in_bunkers,methane,bunkers,sector_component,PJ,candidate